[
  { "iso": "af", "lang": "Afrikaans" },
  { "iso": "am", "lang": "Amharic" },
  { "iso": "ar", "lang": "Arabic" },
  { "iso": "az", "lang": "Azerbaijani" },
  { "iso": "be", "lang": "Belarusian" },
  { "iso": "bg", "lang": "Bulgarian" },
  { "iso": "bn", "lang": "Bengali" },
  { "iso": "bs", "lang": "Bosnian" },
  { "iso": "ca", "lang": "Catalan" },
  { "iso": "ceb", "lang": "Cebuano" },
  { "iso": "co", "lang": "Corsican" },
  { "iso": "cs", "lang": "Czech" },
  { "iso": "cy", "lang": "Welsh" },
  { "iso": "da", "lang": "Danish" },
  { "iso": "de", "lang": "German" },
  { "iso": "el", "lang": "Greek" },
  { "iso": "en", "lang": "English" },
  { "iso": "eo", "lang": "Esperanto" },
  { "iso": "es", "lang": "Spanish" },
  { "iso": "et", "lang": "Estonian" },
  { "iso": "eu", "lang": "Basque" },
  { "iso": "fa", "lang": "Persian" },
  { "iso": "fi", "lang": "Finnish" },
  { "iso": "fr", "lang": "French" },
  { "iso": "fy", "lang": "Frisian" },
  { "iso": "ga", "lang": "Irish" },
  { "iso": "gd", "lang": "Scots Gaelic" },
  { "iso": "gl", "lang": "Galician" },
  { "iso": "gu", "lang": "Gujarati" },
  { "iso": "ha", "lang": "Hausa" },
  { "iso": "haw", "lang": "Hawaiian" },
  { "iso": "hi", "lang": "Hindi" },
  { "iso": "hmn", "lang": "Hmong" },
  { "iso": "hr", "lang": "Croatian" },
  { "iso": "ht", "lang": "Haitian Creole" },
  { "iso": "hu", "lang": "Hungarian" },
  { "iso": "hy", "lang": "Armenian" },
  { "iso": "id", "lang": "Indonesian" },
  { "iso": "ig", "lang": "Igbo" },
  { "iso": "is", "lang": "Icelandic" },
  { "iso": "it", "lang": "Italian" },
  { "iso": "iw", "lang": "Hebrew" },
  { "iso": "ja", "lang": "Japanese" },
  { "iso": "jw", "lang": "Javanese" },
  { "iso": "ka", "lang": "Georgian" },
  { "iso": "kk", "lang": "Kazakh" },
  { "iso": "km", "lang": "Khmer" },
  { "iso": "kn", "lang": "Kannada" },
  { "iso": "ko", "lang": "Korean" },
  { "iso": "ku", "lang": "Kurdish (Kurmanji)" },
  { "iso": "ky", "lang": "Kyrgyz" },
  { "iso": "la", "lang": "Latin" },
  { "iso": "lb", "lang": "Luxembourgish" },
  { "iso": "lo", "lang": "Lao" },
  { "iso": "lt", "lang": "Lithuanian" },
  { "iso": "lv", "lang": "Latvian" },
  { "iso": "mg", "lang": "Malagasy" },
  { "iso": "mi", "lang": "Maori" },
  { "iso": "mk", "lang": "Macedonian" },
  { "iso": "ml", "lang": "Malayalam" },
  { "iso": "mn", "lang": "Mongolian" },
  { "iso": "mr", "lang": "Marathi" },
  { "iso": "ms", "lang": "Malay" },
  { "iso": "mt", "lang": "Maltese" },
  { "iso": "my", "lang": "Myanmar (Burmese)" },
  { "iso": "ne", "lang": "Nepali" },
  { "iso": "nl", "lang": "Dutch" },
  { "iso": "no", "lang": "Norwegian" },
  { "iso": "ny", "lang": "Chichewa" },
  { "iso": "pa", "lang": "Punjabi" },
  { "iso": "pl", "lang": "Polish" },
  { "iso": "ps", "lang": "Pashto" },
  { "iso": "pt", "lang": "Portuguese" },
  { "iso": "ro", "lang": "Romanian" },
  { "iso": "ru", "lang": "Russian" },
  { "iso": "sd", "lang": "Sindhi" },
  { "iso": "si", "lang": "Sinhala" },
  { "iso": "sk", "lang": "Slovak" },
  { "iso": "sl", "lang": "Slovenian" },
  { "iso": "sm", "lang": "Samoan" },
  { "iso": "sn", "lang": "Shona" },
  { "iso": "so", "lang": "Somali" },
  { "iso": "sq", "lang": "Albanian" },
  { "iso": "sr", "lang": "Serbian" },
  { "iso": "st", "lang": "Sesotho" },
  { "iso": "su", "lang": "Sundanese" },
  { "iso": "sv", "lang": "Swedish" },
  { "iso": "sw", "lang": "Swahili" },
  { "iso": "ta", "lang": "Tamil" },
  { "iso": "te", "lang": "Telugu" },
  { "iso": "tg", "lang": "Tajik" },
  { "iso": "th", "lang": "Thai" },
  { "iso": "tl", "lang": "Filipino" },
  { "iso": "tr", "lang": "Turkish" },
  { "iso": "uk", "lang": "Ukrainian" },
  { "iso": "ur", "lang": "Urdu" },
  { "iso": "uz", "lang": "Uzbek" },
  { "iso": "vi", "lang": "Vietnamese" },
  { "iso": "xh", "lang": "Xhosa" },
  { "iso": "yi", "lang": "Yiddish" },
  { "iso": "yo", "lang": "Yoruba" },
  { "iso": "zh-cn", "lang": "Chinese Simplified" },
  { "iso": "zh-tw", "lang": "Chinese Traditional" },
  { "iso": "zu", "lang": "Zulu" }
]
